,agency,slot,size,min,max,50-p,50-r,75-p,75-r,85-p,85-r,90-p,90-r,95-p,95-r,96-p,96-r,97-p,97-r,98-p,98-r,99-p,99-r,100-p,100-r
0,34003-2,D,1682,2.0,26084.0,912.0,841,1790.0,421,1843.0,253,2707.0,169,3612.0,85,3864.0,68,4513.0,51,5409.0,34,7172.0,17,26084.0,0
1,34003-2,N,1467,126.0,18903.0,938.0,734,2673.0,367,3599.0,221,4503.0,147,6722.0,74,8081.0,59,8971.0,45,10780.0,30,12604.0,15,18903.0,0
2,34003-2,W,1065,131.0,18568.0,950.0,533,2696.0,267,3606.0,160,4503.0,107,5444.0,54,6316.0,43,7213.0,32,8540.0,22,11709.0,11,18568.0,0
3,34003-3,D,763,2.0,71079.0,990.0,382,3603.0,191,6297.0,115,8987.0,77,15324.0,39,19805.0,31,23395.0,23,27892.0,16,38658.0,8,71079.0,0
4,34003-3,N,682,2.0,41398.0,1765.0,341,5336.0,171,8100.0,103,9944.0,69,14385.0,35,15305.0,28,17940.0,21,20712.0,14,25210.0,7,41398.0,0
5,34003-3,W,409,105.0,53107.0,1813.0,205,6324.0,103,11691.0,62,14423.0,41,22505.0,21,26993.0,17,30571.0,13,33313.0,9,36957.0,5,53107.0,0
6,34003-4,D,122,647.0,78324.0,7190.0,61,36730.0,31,48590.0,19,54008.0,13,61198.0,7,64808.0,5,67520.0,4,76502.0,3,78298.0,2,78324.0,0
7,34003-4,N,179,144.0,86561.0,7067.0,90,24476.0,45,33304.0,27,73717.0,18,86371.0,9,86377.0,8,86404.0,6,86419.0,4,86472.0,2,86561.0,0
8,34003-4,W,73,816.0,86448.0,25205.0,37,40498.0,19,65759.0,11,85493.0,8,86405.0,4,86426.0,3,86426.0,3,86430.0,2,86448.0,1,86448.0,0
9,34003-5,D,582,2.0,72921.0,1815.0,291,5401.0,146,8361.0,88,13197.0,59,26138.0,30,33276.0,24,40527.0,18,51713.0,12,60294.0,6,72921.0,0
10,34003-5,N,291,692.0,53319.0,2694.0,146,9967.0,73,15233.0,44,20942.0,30,33299.0,15,36928.0,12,38690.0,9,41430.0,6,48600.0,3,53319.0,0
11,34003-5,W,269,197.0,71982.0,3597.0,135,10824.0,68,16878.0,41,21561.0,27,35101.0,14,37733.0,11,41596.0,9,44981.0,6,69308.0,3,71982.0,0
12,34003-6,D,590,2.0,199631.0,1816.0,295,4549.0,148,7292.0,89,9024.0,59,14411.0,30,17057.0,24,22484.0,18,28827.0,12,38742.0,6,199631.0,0
13,34003-6,N,462,2.0,58542.0,2675.0,231,6294.0,116,13482.0,70,18841.0,47,27003.0,24,30587.0,19,36018.0,14,39586.0,10,42282.0,5,58542.0,0
14,34003-6,W,261,670.0,71134.0,3614.0,131,9913.0,66,18041.0,40,23418.0,27,31522.0,14,38650.0,11,40515.0,8,42284.0,6,53175.0,3,71134.0,0
15,34003-7,D,508,2.0,36019.0,1780.0,254,5473.0,127,9892.0,77,12596.0,51,17590.0,26,19202.0,21,20213.0,16,22139.0,11,29698.0,6,36019.0,0
16,34003-7,N,448,304.0,86483.0,1793.0,224,9023.0,112,17067.0,68,22466.0,45,32851.0,23,34656.0,18,37310.0,14,43523.0,9,48513.0,5,86483.0,0
17,34003-7,W,203,288.0,81584.0,4017.0,102,15290.0,51,25706.0,31,31038.0,21,34690.0,11,37382.0,9,46293.0,7,59797.0,5,79583.0,3,81584.0,0
18,34003-8,D,547,101.0,1179023.0,1801.0,274,4486.0,137,6302.0,83,8087.0,55,13497.0,28,16199.0,22,17904.0,17,20594.0,11,26003.0,6,1179023.0,0
19,34003-8,N,425,93.0,275405.0,2712.0,213,7192.0,107,10812.0,64,13482.0,43,18993.0,22,21581.0,17,26207.0,13,33297.0,9,41401.0,5,275405.0,0
20,34003-8,W,246,765.0,86406.0,3602.0,123,9887.0,62,14406.0,37,17870.0,25,21507.0,13,23276.0,10,27901.0,8,35978.0,5,39606.0,3,86406.0,0
21,34003-9,D,640,485.0,43592.0,1793.0,320,4566.0,160,8149.0,96,11711.0,64,21626.0,32,23802.0,26,27024.0,20,27853.0,13,32301.0,7,43592.0,0
22,34003-9,N,467,198.0,60765.0,2733.0,234,8517.0,117,12609.0,71,15684.0,47,21073.0,24,22066.0,19,22849.0,15,24227.0,10,28327.0,5,60765.0,0
23,34003-9,W,315,534.0,45006.0,4441.0,158,9909.0,79,13402.0,48,17995.0,32,24715.0,16,26158.0,13,29221.0,10,31520.0,7,39554.0,4,45006.0,0
24,34003-10,D,726,1.0,71923.0,1223.0,363,3607.0,182,6569.0,109,9016.0,73,17097.0,37,24336.0,30,32511.0,22,40264.0,15,45918.0,8,71923.0,0
25,34003-10,N,339,794.0,54906.0,2713.0,170,9007.0,85,13818.0,51,20694.0,34,28843.0,17,31367.0,14,34148.0,11,36893.0,7,44980.0,4,54906.0,0
26,34003-10,W,257,115.0,80082.0,3603.0,129,10254.0,65,14451.0,39,23672.0,26,37585.0,13,42265.0,11,48599.0,8,50396.0,6,57607.0,3,80082.0,0
27,34003-11,D,1702,1.0,15352.0,921.0,851,1736.0,426,1858.0,256,2702.0,171,3657.0,86,4460.0,69,4547.0,52,5493.0,35,7292.0,18,15352.0,0
28,34003-11,N,1763,2.0,23600.0,936.0,882,1819.0,441,2732.0,265,3630.0,177,5419.0,89,6289.0,71,6648.0,53,8159.0,36,9972.0,18,23600.0,0
29,34003-11,W,1119,43.0,20694.0,977.0,560,2665.0,280,3563.0,168,4471.0,112,6270.0,56,6387.0,45,7245.0,34,8170.0,23,10019.0,12,20694.0,0
30,34003-12,D,2344,1.0,9039.0,903.0,1172,933.0,586,955.0,352,1021.0,235,1806.0,118,1825.0,94,1850.0,71,2658.0,47,2733.0,24,9039.0,0
31,34003-12,N,2798,2.0,15304.0,903.0,1399,936.0,700,1743.0,420,1808.0,280,2702.0,140,2727.0,112,3586.0,84,4457.0,56,5408.0,28,15304.0,0
32,34003-12,W,1802,15.0,9036.0,906.0,901,947.0,451,1801.0,271,1851.0,181,2742.0,91,3555.0,73,3611.0,55,4501.0,37,5420.0,19,9036.0,0
33,34003-13,D,1643,2.0,40507.0,914.0,822,1774.0,411,1839.0,247,2696.0,165,3662.0,83,4489.0,66,4557.0,50,6287.0,33,14403.0,17,40507.0,0
34,34003-13,N,1803,2.0,29730.0,910.0,902,1781.0,451,2664.0,271,3593.0,181,5429.0,91,6309.0,73,8086.0,55,9037.0,37,10824.0,19,29730.0,0
35,34003-13,W,771,2.0,28843.0,948.0,386,2740.0,193,5369.0,116,6308.0,78,9872.0,39,10818.0,31,12668.0,24,18893.0,16,23418.0,8,28843.0,0
36,34003-14,D,1653,2.0,28690.0,906.0,827,969.0,414,1791.0,248,2651.0,166,5389.0,83,5409.0,67,5430.0,50,5657.0,34,7309.0,17,28690.0,0
37,34003-14,N,1479,2.0,21607.0,923.0,740,1884.0,370,4356.0,222,5406.0,148,7188.0,74,7646.0,60,8971.0,45,9909.0,30,13486.0,15,21607.0,0
38,34003-14,W,1096,30.0,17111.0,928.0,548,1960.0,274,3642.0,165,5389.0,110,6284.0,55,6994.0,44,8095.0,33,9857.0,22,10523.0,11,17111.0,0
39,34003-15,D,1680,3.0,73607.0,909.0,840,1762.0,420,1851.0,252,2704.0,168,3628.0,84,4446.0,68,4549.0,51,6242.0,34,7260.0,17,73607.0,0
40,34003-15,N,1636,2.0,38687.0,920.0,818,1825.0,409,2715.0,246,3610.0,164,5407.0,82,6297.0,66,7195.0,50,8108.0,33,10815.0,17,38687.0,0
41,34003-15,W,1010,129.0,23412.0,943.0,505,2693.0,253,3648.0,152,5382.0,101,7198.0,51,7246.0,41,8996.0,31,9915.0,21,11701.0,11,23412.0,0
42,34003-17,D,1036,2.0,34194.0,961.0,518,2072.0,259,3602.0,156,4524.0,104,7146.0,52,8000.0,42,9024.0,32,9923.0,21,13375.0,11,34194.0,0
43,34003-17,N,767,2.0,86452.0,1810.0,384,4468.0,192,8072.0,116,10794.0,77,15440.0,39,17985.0,31,21634.0,24,26108.0,16,31674.0,8,86452.0,0
44,34003-17,W,547,304.0,258346.0,1778.0,274,4506.0,137,8177.0,83,10653.0,55,13521.0,28,16224.0,22,18897.0,17,21292.0,11,26274.0,6,258346.0,0
45,34003-18,D,460,2.0,78647.0,2686.0,230,8226.0,115,16148.0,69,22877.0,46,47712.0,23,50456.0,19,54902.0,14,59389.0,10,61699.0,5,78647.0,0
46,34003-18,N,211,2.0,53605.0,3248.0,106,10808.0,53,19779.0,32,24295.0,22,28426.0,11,33284.0,9,40493.0,7,50033.0,5,52754.0,3,53605.0,0
47,34003-18,W,148,345.0,78937.0,9692.0,74,19265.0,37,27014.0,23,40501.0,15,57921.0,8,68840.0,6,71085.0,5,72380.0,3,75210.0,2,78937.0,0
48,34003-19,D,2090,3.0,12542.0,904.0,1045,941.0,523,1246.0,314,1801.0,209,2647.0,105,2695.0,84,2739.0,63,3583.0,42,4471.0,21,12542.0,0
49,34003-19,N,1775,5.0,24099.0,919.0,888,1809.0,444,2722.0,267,3617.0,178,5524.0,89,6522.0,71,7827.0,54,8987.0,36,11551.0,18,24099.0,0
50,34003-19,W,1154,17.0,17090.0,924.0,577,2567.0,289,3587.0,174,4465.0,116,5406.0,58,6260.0,47,6353.0,35,7216.0,24,9043.0,12,17090.0,0
51,34003-20,D,888,2.0,79237.0,954.0,444,2738.0,222,5284.0,134,8083.0,89,16155.0,45,20694.0,36,24122.0,27,36016.0,18,54923.0,9,79237.0,0
52,34003-20,N,527,0.0,64726.0,1726.0,264,3641.0,132,7170.0,80,10848.0,53,18031.0,27,20579.0,22,24357.0,16,27865.0,11,33298.0,6,64726.0,0
53,34003-20,W,301,198.0,138276.0,1916.0,151,8086.0,76,15126.0,46,18033.0,31,27885.0,16,29637.0,13,33275.0,10,51383.0,7,59557.0,4,138276.0,0
54,34003-21,D,692,2.0,249135.0,1722.0,346,3605.0,173,6012.0,104,7982.0,70,10069.0,35,10818.0,28,11753.0,21,12624.0,14,23209.0,7,249135.0,0
55,34003-21,N,706,1.0,34231.0,1730.0,353,3595.0,177,6336.0,106,9026.0,71,13556.0,36,16167.0,29,17122.0,22,20690.0,15,24301.0,8,34231.0,0
56,34003-21,W,455,261.0,616974.0,1838.0,228,4530.0,114,8095.0,69,10721.0,46,15889.0,23,18822.0,19,20748.0,14,27045.0,10,36942.0,5,616974.0,0
57,34003-22,D,250,232.0,86436.0,4479.0,125,18065.0,63,44010.0,38,66884.0,25,75631.0,13,80305.0,10,81127.0,8,84358.0,5,86401.0,3,86436.0,0
58,34003-22,N,95,840.0,54224.0,7191.0,48,25325.0,24,32401.0,15,36037.0,10,41418.0,5,43327.0,4,44114.0,3,45131.0,2,54224.0,1,54224.0,0
59,34003-22,W,94,581.0,86478.0,18069.0,47,37897.0,24,64510.0,15,71896.0,10,79973.0,5,86329.0,4,86379.0,3,86419.0,2,86478.0,1,86478.0,0
60,34003-23,D,196,136.0,86356.0,10815.0,98,32403.0,49,48580.0,30,59356.0,20,71034.0,10,72770.0,8,77434.0,6,83632.0,4,86221.0,2,86356.0,0
61,34003-23,N,147,834.0,47686.0,6271.0,74,14428.0,37,23384.0,23,30425.0,15,35098.0,8,38727.0,6,39600.0,5,41834.0,3,42238.0,2,47686.0,0
62,34003-23,W,100,139.0,86406.0,13499.0,50,38666.0,25,51303.0,15,56826.0,10,71263.0,5,80145.0,4,81095.0,3,83739.0,2,86406.0,1,86406.0,0
63,34003-24,D,2000,2.0,28813.0,905.0,1000,957.0,500,1787.0,300,1826.0,200,2710.0,100,2774.0,80,3589.0,60,3879.0,40,5371.0,20,28813.0,0
64,34003-24,N,1453,2.0,33332.0,926.0,727,2453.0,364,3602.0,218,4517.0,146,7202.0,73,8094.0,59,9009.0,44,10822.0,30,14401.0,15,33332.0,0
65,34003-24,W,973,17.0,21613.0,940.0,487,2705.0,244,4488.0,146,5405.0,98,7220.0,49,8105.0,39,8981.0,30,9907.0,20,11696.0,10,21613.0,0
66,34003-25,D,598,2.0,48473.0,2470.0,299,5377.0,150,8124.0,90,11650.0,60,20735.0,30,23380.0,24,29758.0,18,33204.0,12,39533.0,6,48473.0,0
67,34003-25,N,342,334.0,523603.0,3570.0,171,7301.0,86,11690.0,52,16162.0,35,28298.0,18,32415.0,14,34170.0,11,38683.0,7,43246.0,4,523603.0,0
68,34003-25,W,237,512.0,86465.0,4474.0,119,10706.0,60,17087.0,36,23380.0,24,36910.0,12,40522.0,10,43199.0,8,48785.0,5,49634.0,3,86465.0,0
69,34003-26,D,652,2.0,4202768.0,926.0,326,1813.0,163,2689.0,98,3471.0,66,5372.0,33,5466.0,27,7232.0,20,8110.0,14,13831.0,7,4202768.0,0
70,34003-26,N,541,2.0,27861.0,958.0,271,2691.0,136,4485.0,82,6266.0,55,9914.0,28,12341.0,22,13478.0,17,17044.0,11,18896.0,6,27861.0,0
71,34003-26,W,386,87.0,24384.0,1749.0,193,2731.0,97,4575.0,58,6285.0,39,9862.0,20,11670.0,16,13551.0,12,16189.0,8,16279.0,4,24384.0,0
72,34003-27,D,1711,2.0,1570945.0,900.0,856,927.0,428,949.0,257,992.0,172,1496.0,86,1794.0,69,1815.0,52,1866.0,35,3530.0,18,1570945.0,0
73,34003-27,N,1976,533.0,9919.0,903.0,988,929.0,494,960.0,297,1778.0,198,1836.0,99,1910.0,80,2707.0,60,3595.0,40,4506.0,20,9919.0,0
74,34003-27,W,1365,198.0,10791.0,905.0,683,938.0,342,1262.0,205,1797.0,137,1896.0,69,2685.0,55,2708.0,41,2792.0,28,4454.0,14,10791.0,0
75,34003-28,D,514,2.0,43308.0,1813.0,257,6235.0,129,10746.0,78,14415.0,52,18934.0,26,19021.0,21,20971.0,16,25367.0,11,28079.0,6,43308.0,0
76,34003-28,N,477,5.0,59604.0,1838.0,239,8150.0,120,12588.0,72,17810.0,48,27732.0,24,30506.0,20,34290.0,15,42237.0,10,46501.0,5,59604.0,0
77,34003-28,W,258,678.0,67411.0,3597.0,129,12471.0,65,19650.0,39,23308.0,26,30611.0,13,31674.0,11,35232.0,8,36082.0,6,53970.0,3,67411.0,0
78,34003-29,D,943,2.0,40538.0,1736.0,472,3375.0,236,4513.0,142,6172.0,95,8127.0,48,9890.0,38,12599.0,29,16148.0,19,24435.0,10,40538.0,0
79,34003-29,N,724,4.0,28125.0,1813.0,362,5373.0,181,8076.0,109,9970.0,73,14449.0,37,16980.0,29,19080.0,22,20008.0,15,22533.0,8,28125.0,0
80,34003-29,W,481,98.0,58583.0,1838.0,241,6044.0,121,9854.0,73,11774.0,49,17119.0,25,18140.0,20,20672.0,15,23412.0,10,27218.0,5,58583.0,0
81,34003-30,D,1780,2.0,23499.0,910.0,890,1207.0,445,1815.0,267,2664.0,178,3592.0,89,3683.0,72,4489.0,54,5404.0,36,9882.0,18,23499.0,0
82,34003-30,N,1687,2.0,25194.0,915.0,844,1811.0,422,2713.0,254,3624.0,169,5406.0,85,6300.0,68,7211.0,51,8959.0,34,10788.0,17,25194.0,0
83,34003-30,W,942,141.0,36962.0,939.0,471,2699.0,236,3677.0,142,5398.0,95,8090.0,48,8997.0,38,9889.0,29,12578.0,19,15287.0,10,36962.0,0
84,34003-31,D,686,6.0,55780.0,1799.0,343,4192.0,172,6356.0,103,8997.0,69,13517.0,35,17118.0,28,25178.0,21,30586.0,14,45008.0,7,55780.0,0
85,34003-31,N,396,757.0,66829.0,1828.0,198,8994.0,99,13504.0,60,20685.0,40,30619.0,20,36019.0,16,38661.0,12,46784.0,8,52180.0,4,66829.0,0
86,34003-31,W,273,241.0,86233.0,2694.0,137,10786.0,69,16636.0,41,20684.0,28,33744.0,14,41394.0,11,48153.0,9,54415.0,6,64337.0,3,86233.0,0
87,34003-32,D,865,2.0,201439.0,1015.0,433,2715.0,217,4502.0,130,6316.0,87,10851.0,44,13677.0,35,15663.0,26,17104.0,18,20159.0,9,201439.0,0
88,34003-32,N,554,5.0,86410.0,1833.0,277,5912.0,139,10192.0,84,13171.0,56,21310.0,28,23411.0,23,24878.0,17,28440.0,12,43820.0,6,86410.0,0
89,34003-32,W,316,228.0,120148.0,3011.0,158,8997.0,79,13499.0,48,15329.0,32,28253.0,16,29725.0,13,33302.0,10,35439.0,7,39291.0,4,120148.0,0
90,34003-35,D,2326,8.0,12645.0,922.0,1163,955.0,582,981.0,349,1077.0,233,1820.0,117,1842.0,94,1886.0,70,2699.0,47,3524.0,24,12645.0,0
91,34003-35,N,2409,8.0,21563.0,927.0,1205,1021.0,603,1815.0,362,2613.0,241,2892.0,121,3579.0,97,3678.0,73,4580.0,49,6323.0,25,21563.0,0
92,34003-35,W,1603,8.0,13441.0,935.0,802,1749.0,401,1880.0,241,2704.0,161,3585.0,81,3630.0,65,4458.0,49,4523.0,33,5433.0,17,13441.0,0
93,34003-36,D,1248,2.0,26076.0,916.0,624,1808.0,312,2814.0,188,4507.0,125,6896.0,63,7417.0,50,8847.0,38,9856.0,25,10816.0,13,26076.0,0
94,34003-36,N,842,4.0,46898.0,1224.0,421,3616.0,211,6324.0,127,9391.0,85,16663.0,43,18853.0,34,21604.0,26,26135.0,17,30968.0,9,46898.0,0
95,34003-36,W,520,358.0,67836.0,1788.0,260,5055.0,130,8077.0,78,9900.0,52,16196.0,26,17972.0,21,18885.0,16,21465.0,11,27915.0,6,67836.0,0
96,34003-37,D,1326,2.0,358673.0,905.0,663,960.0,332,1104.0,199,1786.0,133,2683.0,67,3494.0,54,4831.0,40,22376.0,27,85737.0,14,358673.0,0
97,34003-37,N,1497,182.0,54937.0,909.0,749,1017.0,375,1795.0,225,1836.0,150,2729.0,75,2833.0,60,3599.0,45,4304.0,30,5459.0,15,54937.0,0
98,34003-37,W,1014,176.0,86451.0,919.0,507,1774.0,254,1905.0,153,2717.0,102,3813.0,51,4503.0,41,4882.0,31,6291.0,21,16418.0,11,86451.0,0
99,34003-39,D,139,2.0,216393.0,6308.0,70,34219.0,35,49762.0,21,56674.0,14,64843.0,7,65113.0,6,72224.0,5,74084.0,3,75057.0,2,216393.0,0
100,34003-39,N,199,205.0,86498.0,6311.0,100,15267.0,50,25207.0,30,34456.0,20,79650.0,10,81278.0,8,86333.0,6,86390.0,4,86428.0,2,86498.0,0
101,34003-39,W,102,796.0,86495.0,9877.0,51,34690.0,26,57588.0,16,70218.0,11,84311.0,6,86348.0,5,86360.0,4,86396.0,3,86430.0,2,86495.0,0
102,34003-40,D,846,2.0,66138.0,1044.0,423,3589.0,212,5456.0,127,7660.0,85,14465.0,43,18867.0,34,21621.0,26,28360.0,17,41363.0,9,66138.0,0
103,34003-40,N,317,474.0,47691.0,2758.0,159,8146.0,80,16973.0,48,24270.0,32,33858.0,16,35136.0,13,36876.0,10,37807.0,7,40501.0,4,47691.0,0
104,34003-40,W,309,375.0,67504.0,3600.0,155,9433.0,78,14412.0,47,18016.0,31,27952.0,16,28927.0,13,32400.0,10,33310.0,7,46122.0,4,67504.0,0
105,34003-41,D,432,2.0,170611.0,1836.0,216,8072.0,108,18957.0,65,39620.0,44,52979.0,22,54846.0,18,57665.0,13,62804.0,9,74580.0,5,170611.0,0
106,34003-41,N,203,207.0,48501.0,1806.0,102,7223.0,51,13712.0,31,18753.0,21,26362.0,11,28755.0,9,31238.0,7,37897.0,5,47784.0,3,48501.0,0
107,34003-41,W,155,306.0,182594.0,4532.0,78,17194.0,39,30593.0,24,36001.0,16,69162.0,8,69274.0,7,73526.0,5,75526.0,4,86504.0,2,182594.0,0
108,34003-42,D,2436,2.0,13891.0,902.0,1218,927.0,609,948.0,366,981.0,244,1625.0,122,1778.0,98,1809.0,74,1866.0,49,2738.0,25,13891.0,0
109,34003-42,N,2869,2.0,9868.0,904.0,1435,935.0,718,1372.0,431,1803.0,287,2680.0,144,2705.0,115,2753.0,87,3602.0,58,4619.0,29,9868.0,0
110,34003-42,W,2006,25.0,9943.0,905.0,1003,943.0,502,1742.0,301,1805.0,201,2659.0,101,2691.0,81,2741.0,61,3577.0,41,4421.0,21,9943.0,0
111,34003-45,D,493,2.0,172810.0,2921.0,247,6288.0,124,9403.0,74,11264.0,50,15905.0,25,16446.0,20,19047.0,15,22906.0,10,30623.0,5,172810.0,0
112,34003-45,N,421,3.0,57580.0,3563.0,211,8184.0,106,13474.0,64,16209.0,43,22525.0,22,24339.0,17,26045.0,13,27012.0,9,29717.0,5,57580.0,0
113,34003-45,W,234,539.0,65223.0,4981.0,117,11675.0,59,18444.0,36,22471.0,24,27420.0,12,28377.0,10,31741.0,8,37265.0,5,42018.0,3,65223.0,0
114,34003-47,D,312,2.0,834898.0,2756.0,156,9958.0,78,20672.0,47,26308.0,32,33349.0,16,35214.0,13,37038.0,10,40757.0,7,48771.0,4,834898.0,0
115,34003-47,N,280,221.0,86498.0,4497.0,140,15524.0,70,20491.0,42,24034.0,28,30375.0,14,31195.0,12,34012.0,9,35108.0,6,63764.0,3,86498.0,0
116,34003-47,W,142,272.0,65922.0,9690.0,71,19110.0,36,26854.0,22,32603.0,15,40454.0,8,46114.0,6,46615.0,5,61361.0,3,64146.0,2,65922.0,0
117,34003-50,D,2006,-2.0,14374.0,907.0,1003,970.0,502,1791.0,301,1823.0,201,2701.0,101,2744.0,81,3601.0,61,4511.0,41,5638.0,21,14374.0,0
118,34003-50,N,2000,2.0,56138.0,914.0,1000,1792.0,500,2680.0,300,2750.0,200,4516.0,100,5371.0,80,5409.0,60,6301.0,40,8114.0,20,56138.0,0
119,34003-50,W,1206,175.0,17976.0,931.0,603,1846.0,302,2744.0,181,3675.0,121,5398.0,61,6249.0,49,6327.0,37,8025.0,25,9021.0,13,17976.0,0
120,34003-51,D,570,2.0,670996.0,1788.0,285,4540.0,143,8126.0,86,11722.0,57,18968.0,29,20689.0,23,22487.0,18,28847.0,12,38172.0,6,670996.0,0
121,34003-51,N,753,3.0,282655.0,1780.0,377,3594.0,189,5400.0,113,7202.0,76,11133.0,38,12582.0,31,13777.0,23,17123.0,16,21877.0,8,282655.0,0
122,34003-51,W,463,256.0,39924.0,1820.0,232,4800.0,116,8969.0,70,11658.0,47,16206.0,24,18024.0,19,19856.0,14,22522.0,10,30608.0,5,39924.0,0
123,34003-52,D,2076,2.0,14536.0,904.0,1038,946.0,519,1775.0,312,1813.0,208,2702.0,104,2724.0,84,3555.0,63,3665.0,42,5326.0,21,14536.0,0
124,34003-52,N,1458,2.0,27953.0,928.0,729,2670.0,365,3603.0,219,4527.0,146,7204.0,73,8079.0,59,8977.0,44,10071.0,30,12600.0,15,27953.0,0
125,34003-52,W,1247,34.0,16171.0,921.0,624,1811.0,312,2712.0,188,3608.0,125,4948.0,63,5408.0,50,6315.0,38,8107.0,25,9887.0,13,16171.0,0
126,34003-53,D,1,53255.0,53255.0,53255.0,1,53255.0,1,53255.0,1,53255.0,1,53255.0,1,53255.0,1,53255.0,1,53255.0,1,53255.0,1,53255.0,0
127,34003-54,D,618,0.0,1716395.0,1745.0,309,3266.0,155,4721.0,93,6334.0,62,10880.0,31,14411.0,25,17937.0,19,31499.0,13,42304.0,7,1716395.0,0
128,34003-54,N,431,202.0,89085.0,1823.0,216,5369.0,108,9814.0,65,13534.0,44,20673.0,22,24233.0,18,30199.0,13,33257.0,9,39242.0,5,89085.0,0
129,34003-54,W,293,294.0,62096.0,2670.0,147,7146.0,74,11702.0,44,16294.0,30,22482.0,15,23352.0,12,24753.0,9,28804.0,6,39636.0,3,62096.0,0
130,34003-56,D,1485,2.0,47803.0,927.0,743,1793.0,372,2664.0,223,2843.0,149,4606.0,75,5435.0,60,6301.0,45,8051.0,30,10829.0,15,47803.0,0
131,34003-56,N,1051,1.0,35103.0,1119.0,526,3554.0,263,4635.0,158,7111.0,106,10757.0,53,11755.0,43,13521.0,32,15382.0,22,18837.0,11,35103.0,0
132,34003-56,W,700,95.0,33343.0,1622.0,350,3642.0,175,6271.0,105,8138.0,70,12477.0,35,12649.0,28,13922.0,21,16227.0,14,18711.0,7,33343.0,0
133,34003-58,D,679,2.0,68728.0,1780.0,340,4574.0,170,8981.0,102,12622.0,68,22547.0,34,24298.0,28,26111.0,21,29674.0,14,39588.0,7,68728.0,0
134,34003-58,N,571,5.0,39959.0,1757.0,286,4144.0,143,7224.0,86,10841.0,58,18957.0,29,20667.0,23,22568.0,18,27235.0,12,33372.0,6,39959.0,0
135,34003-58,W,348,0.0,79240.0,1788.0,174,5791.0,87,14099.0,53,19757.0,35,31546.0,18,34183.0,14,35575.0,11,41657.0,7,48587.0,4,79240.0,0
136,34003-59,D,398,7.0,40996.0,2685.0,199,8123.0,100,14397.0,60,20720.0,40,27421.0,20,30201.0,16,33250.0,12,35548.0,8,37829.0,4,40996.0,0
137,34003-59,N,507,5.0,57611.0,2686.0,254,8302.0,127,11375.0,77,14235.0,51,21184.0,26,22536.0,21,25172.0,16,29272.0,11,36430.0,6,57611.0,0
138,34003-59,W,272,0.0,66107.0,3586.0,136,9910.0,68,17084.0,41,23383.0,28,31557.0,14,36901.0,11,43414.0,9,48105.0,6,59206.0,3,66107.0,0
139,34003-57,D,634,2.0,50860.0,1995.0,317,5329.0,159,8107.0,96,10847.0,64,18951.0,32,21595.0,26,26929.0,20,33257.0,13,39618.0,7,50860.0,0
140,34003-57,N,379,382.0,40054.0,3618.0,190,8242.0,95,13478.0,57,16748.0,38,26987.0,19,27528.0,16,30184.0,12,34708.0,8,36913.0,4,40054.0,0
141,34003-57,W,209,371.0,60796.0,5856.0,105,15303.0,53,23407.0,32,27048.0,21,37820.0,11,40082.0,9,41313.0,7,44087.0,5,46326.0,3,60796.0,0
142,34003-61,D,2479,281.0,7194.0,900.0,1240,911.0,620,920.0,372,926.0,248,1784.0,124,1796.0,100,1804.0,75,1813.0,50,2693.0,25,7194.0,0
143,34003-61,N,3012,561.0,20597.0,901.0,1506,915.0,753,926.0,452,1026.0,302,1820.0,151,2682.0,121,2702.0,91,2799.0,61,3618.0,31,20597.0,0
144,34003-61,W,1983,268.0,9929.0,904.0,992,921.0,496,1775.0,298,1804.0,199,2685.0,100,2701.0,80,2714.0,60,3588.0,40,4488.0,20,9929.0,0
145,34003-63,D,659,2.0,461924.0,1768.0,330,3652.0,165,7225.0,99,9949.0,66,22596.0,33,27902.0,27,31275.0,20,33801.0,14,38243.0,7,461924.0,0
146,34003-63,N,362,173.0,33691.0,3586.0,181,8769.0,91,13995.0,55,17502.0,37,21526.0,19,22103.0,15,23345.0,11,24901.0,8,27271.0,4,33691.0,0
147,34003-63,W,255,320.0,68916.0,4028.0,128,12615.0,64,16225.0,39,21624.0,26,29698.0,13,30576.0,11,36052.0,8,37312.0,6,44112.0,3,68916.0,0
148,34003-64,D,1644,2.0,45010.0,913.0,822,1709.0,411,1839.0,247,2709.0,165,3692.0,83,4514.0,66,5421.0,50,7241.0,33,12641.0,17,45010.0,0
149,34003-64,N,1111,0.0,27972.0,943.0,556,2706.0,278,4529.0,167,6328.0,112,9910.0,56,11193.0,45,13526.0,34,16097.0,23,20726.0,12,27972.0,0
150,34003-64,W,796,0.0,46753.0,942.0,398,2709.0,199,5222.0,120,6747.0,80,11690.0,40,12107.0,32,14014.0,24,15352.0,16,22530.0,8,46753.0,0
151,34003-66,D,963,2.0,4102728.0,905.0,482,937.0,241,974.0,145,1193.0,97,1830.0,49,2670.0,39,2723.0,29,3976.0,20,6316.0,10,4102728.0,0
152,34003-66,N,1174,167.0,12473.0,906.0,587,938.0,294,1768.0,177,1825.0,118,2958.0,59,3611.0,47,4443.0,36,5372.0,24,6311.0,12,12473.0,0
153,34003-66,W,755,165.0,9764.0,912.0,378,1760.0,189,1842.0,114,2703.0,76,3601.0,38,3633.0,31,4479.0,23,4515.0,16,6325.0,8,9764.0,0
154,34003-1,D,145,14.0,43386.0,14433.0,73,14498.0,37,14531.0,22,14558.0,15,14604.0,8,14636.0,6,14645.0,5,15503.0,3,19004.0,2,43386.0,0
155,34003-1,N,252,5056.0,29080.0,14385.0,126,14513.0,63,14636.0,38,14696.0,26,14801.0,13,14855.0,11,21000.0,8,22361.0,6,28820.0,3,29080.0,0
156,34003-1,W,156,12805.0,15823.0,14392.0,78,14467.0,39,14520.0,24,14571.0,16,14658.0,8,14670.0,7,14713.0,5,14741.0,4,14850.0,2,15823.0,0
157,34003-68,D,968,2.0,1763465.0,907.0,484,959.0,242,1803.0,146,1888.0,97,3617.0,49,4473.0,39,4916.0,30,6350.0,20,11403.0,10,1763465.0,0
158,34003-68,N,1063,188.0,22488.0,910.0,532,1769.0,266,2481.0,160,2755.0,107,4506.0,54,5365.0,43,6320.0,32,8087.0,22,9906.0,11,22488.0,0
159,34003-68,W,673,3.0,27919.0,911.0,337,1786.0,169,2698.0,101,3570.0,68,4527.0,34,5373.0,27,5402.0,21,6312.0,14,7259.0,7,27919.0,0
160,34003-69,D,1083,2.0,63827.0,948.0,542,2675.0,271,3610.0,163,4622.0,109,7187.0,55,7995.0,44,9020.0,33,10815.0,22,12650.0,11,63827.0,0
161,34003-69,N,669,2.0,45893.0,1800.0,335,4629.0,168,8992.0,101,12624.0,67,21608.0,34,24248.0,27,24328.0,21,28812.0,14,35123.0,7,45893.0,0
162,34003-69,W,531,131.0,53966.0,1795.0,266,4551.0,133,8093.0,80,10792.0,54,16213.0,27,17966.0,22,20676.0,16,27026.0,11,29712.0,6,53966.0,0
163,34003-70,D,276,6.0,1814751.0,2683.0,138,8025.0,69,14452.0,42,26090.0,28,49997.0,14,51974.0,12,67630.0,9,79100.0,6,160021.0,3,1814751.0,0
164,34003-70,N,181,389.0,120376.0,2680.0,91,8098.0,46,16182.0,28,20384.0,19,28644.0,10,35112.0,8,41497.0,6,48430.0,4,100621.0,2,120376.0,0
165,34003-70,W,94,202.0,68575.0,5444.0,47,21664.0,24,30849.0,15,42292.0,10,59376.0,5,63706.0,4,65856.0,3,66836.0,2,68575.0,1,68575.0,0
166,34003-71,D,779,6.0,46828.0,2327.0,390,4556.0,195,4751.0,117,6965.0,78,11711.0,39,13736.0,32,16054.0,24,24200.0,16,28085.0,8,46828.0,0
167,34003-71,N,647,4.0,78365.0,2356.0,324,4674.0,162,7036.0,98,9321.0,65,13895.0,33,13982.0,26,16345.0,20,19442.0,13,30092.0,7,78365.0,0
168,34003-71,W,356,-8.0,53138.0,2441.0,178,7007.0,89,11532.0,54,15887.0,36,26001.0,18,27342.0,15,32212.0,11,32593.0,8,38909.0,4,53138.0,0
169,34003-74,D,757,2.0,76107.0,1775.0,379,3651.0,190,7161.0,114,9033.0,76,18925.0,38,24297.0,31,28797.0,23,32363.0,16,46794.0,8,76107.0,0
170,34003-74,N,488,153.0,42325.0,1721.0,244,4594.0,122,9002.0,74,14296.0,49,19792.0,25,20737.0,20,25231.0,15,28798.0,10,34201.0,5,42325.0,0
171,34003-74,W,329,181.0,60307.0,2705.0,165,8105.0,83,13491.0,50,18010.0,33,26104.0,17,28804.0,14,32386.0,10,36898.0,7,46768.0,4,60307.0,0
172,34003-75,D,2477,2.0,15307.0,900.0,1239,927.0,620,950.0,372,995.0,248,1743.0,124,1795.0,100,1808.0,75,1847.0,50,2722.0,25,15307.0,0
173,34003-75,N,2273,-3.0,18884.0,908.0,1137,956.0,569,1809.0,341,2691.0,228,3638.0,114,4495.0,91,5364.0,69,6378.0,46,9857.0,23,18884.0,0
174,34003-75,W,1602,11.0,23382.0,909.0,801,1408.0,401,1820.0,241,2694.0,161,3602.0,81,3623.0,65,4490.0,49,5386.0,33,7238.0,17,23382.0,0
175,34003-76,D,442,2.0,143061.0,1865.0,221,7064.0,111,11738.0,67,19858.0,45,36525.0,23,37554.0,18,40334.0,14,46649.0,9,48321.0,5,143061.0,0
176,34003-76,N,451,0.0,86519.0,2103.0,226,7208.0,113,11807.0,68,14323.0,46,19808.0,23,21438.0,19,23726.0,14,29702.0,10,38911.0,5,86519.0,0
177,34003-76,W,251,355.0,75842.0,3580.0,126,11754.0,63,17407.0,38,23978.0,26,34703.0,13,38925.0,11,40296.0,8,44122.0,6,46594.0,3,75842.0,0
178,34003-77,D,1144,3.0,43723.0,1396.0,572,2703.0,286,3607.0,172,4479.0,115,5485.0,58,6308.0,46,7257.0,35,8142.0,23,9400.0,12,43723.0,0
179,34003-77,N,969,524.0,31516.0,1812.0,485,3596.0,243,5413.0,146,7317.0,97,11645.0,49,13460.0,39,14445.0,30,18026.0,20,23397.0,10,31516.0,0
180,34003-77,W,540,315.0,33361.0,2676.0,270,5374.0,135,8078.0,81,9876.0,54,12664.0,27,13544.0,22,15283.0,17,16602.0,11,19735.0,6,33361.0,0
181,34003-78,D,956,2.0,831761.0,945.0,478,2647.0,239,3642.0,144,5425.0,96,10197.0,48,13515.0,39,19739.0,29,26122.0,20,39595.0,10,831761.0,0
182,34003-78,N,552,0.0,44097.0,1213.0,276,3666.0,138,7189.0,83,9932.0,56,15323.0,28,17102.0,23,19760.0,17,24261.0,12,31511.0,6,44097.0,0
183,34003-78,W,424,0.0,57556.0,1798.0,212,4566.0,106,8084.0,64,11712.0,43,20678.0,22,23420.0,17,28753.0,13,35999.0,9,41438.0,5,57556.0,0
184,34003-79,D,1616,2.0,33059.0,913.0,808,1761.0,404,1837.0,243,2699.0,162,3621.0,81,4508.0,65,5335.0,49,6309.0,33,10798.0,17,33059.0,0
185,34003-79,N,1446,2.0,28483.0,917.0,723,2624.0,362,3606.0,217,5330.0,145,7219.0,73,8126.0,58,9048.0,44,10783.0,29,13511.0,15,28483.0,0
186,34003-79,W,796,31.0,44676.0,946.0,398,3335.0,199,5374.0,120,6323.0,80,9112.0,40,10782.0,32,12037.0,24,15267.0,16,21617.0,8,44676.0,0
187,34003-80,D,1305,8.0,51603.0,1208.0,653,2398.0,327,3150.0,196,3599.0,131,4808.0,66,5976.0,53,6012.0,40,7204.0,27,14036.0,14,51603.0,0
188,34003-80,N,962,51.0,40065.0,1446.0,481,3596.0,241,5988.0,145,7209.0,97,10862.0,49,12159.0,39,14391.0,29,17596.0,20,20411.0,10,40065.0,0
189,34003-80,W,682,72.0,26398.0,2379.0,341,4408.0,171,6542.0,103,7227.0,69,10402.0,35,10815.0,28,12025.0,21,15567.0,14,19195.0,7,26398.0,0
190,34003-81,D,2022,2.0,16238.0,906.0,1011,945.0,506,1776.0,304,1812.0,203,2667.0,102,2709.0,81,2747.0,61,3590.0,41,4488.0,21,16238.0,0
191,34003-81,N,2084,2.0,18885.0,910.0,1042,1768.0,521,1951.0,313,3525.0,209,4505.0,105,5383.0,84,6231.0,63,7200.0,42,8980.0,21,18885.0,0
192,34003-81,W,1180,5.0,21599.0,923.0,590,1831.0,295,2756.0,177,4482.0,118,6305.0,59,7173.0,48,7238.0,36,8952.0,24,9940.0,12,21599.0,0
193,34003-83,D,1295,1.0,154190.0,943.0,648,1852.0,324,2735.0,195,3613.0,130,5376.0,65,5490.0,52,6303.0,39,7204.0,26,10584.0,13,154190.0,0
194,34003-83,N,1038,2.0,34832.0,1744.0,519,3586.0,260,5724.0,156,7841.0,104,10923.0,52,11781.0,42,12617.0,32,14268.0,21,16325.0,11,34832.0,0
195,34003-83,W,725,2.0,25946.0,1784.0,363,3624.0,182,6298.0,109,7227.0,73,9937.0,37,11563.0,29,12666.0,22,14472.0,15,17220.0,8,25946.0,0
196,34003-84,D,753,2.0,61360.0,1719.0,377,3599.0,189,5423.0,113,7255.0,76,14389.0,38,17856.0,31,20707.0,23,23868.0,16,38653.0,8,61360.0,0
197,34003-84,N,441,2.0,86412.0,2842.0,221,7240.0,111,10114.0,67,14401.0,45,23098.0,23,24289.0,18,25205.0,14,34189.0,9,39750.0,5,86412.0,0
198,34003-84,W,309,258.0,149826.0,3695.0,155,8992.0,78,13527.0,47,17079.0,31,25295.0,16,30642.0,13,31520.0,10,40501.0,7,52302.0,4,149826.0,0
199,34003-899,D,607,8.0,89958.0,3618.0,304,3685.0,152,3795.0,92,7328.0,61,50493.0,31,53911.0,25,53959.0,19,57417.0,13,60120.0,7,89958.0,0
200,34003-899,N,43,2848.0,82717.0,3654.0,22,7557.0,11,14267.0,7,46872.0,5,50361.0,3,61132.0,2,61132.0,2,82717.0,1,82717.0,1,82717.0,0
201,34003-899,W,43,3556.0,169246.0,57572.0,22,82775.0,11,89979.0,7,100164.0,5,100813.0,3,100868.0,2,100868.0,2,169246.0,1,169246.0,1,169246.0,0
202,34003-85,D,1545,2.0,22515.0,914.0,773,1796.0,387,2679.0,232,2855.0,155,4502.0,78,5380.0,62,6292.0,47,7210.0,31,11681.0,16,22515.0,0
203,34003-85,N,1175,2.0,31493.0,937.0,588,2704.0,294,4518.0,177,6304.0,118,9021.0,59,9949.0,47,11684.0,36,12587.0,24,17098.0,12,31493.0,0
204,34003-85,W,956,129.0,36792.0,930.0,478,2670.0,239,3606.0,144,4542.0,96,8117.0,48,8984.0,39,9896.0,29,11707.0,20,18710.0,10,36792.0,0
205,34003-88,D,498,2.0,44836.0,1802.0,249,4532.0,125,8077.0,75,10757.0,50,15519.0,25,17114.0,20,17835.0,15,18843.0,10,29676.0,5,44836.0,0
206,34003-88,N,505,2.0,775862.0,2018.0,253,6250.0,127,9923.0,76,14420.0,51,22496.0,26,25194.0,21,30666.0,16,33288.0,11,39588.0,6,775862.0,0
207,34003-88,W,298,735.0,53073.0,2747.0,149,8989.0,75,13517.0,45,17881.0,30,26008.0,15,28802.0,12,29829.0,9,34220.0,6,35992.0,3,53073.0,0
208,34003-89,D,409,4.0,4023533.0,1391.0,205,2748.0,103,4616.0,62,7152.0,41,14341.0,21,15295.0,17,27055.0,13,30631.0,9,36734.0,5,4023533.0,0
209,34003-89,N,299,238.0,66814.0,982.0,150,4539.0,75,7252.0,45,11563.0,30,17292.0,15,19846.0,12,21746.0,9,23528.0,6,28827.0,3,66814.0,0
210,34003-89,W,189,613.0,37971.0,1793.0,95,4826.0,48,7230.0,29,14400.0,19,20407.0,10,21743.0,8,24253.0,6,28673.0,4,34992.0,2,37971.0,0
211,34003-91,D,1982,2.0,16668.0,907.0,991,957.0,496,1790.0,298,1827.0,199,2718.0,100,2797.0,80,3604.0,60,4466.0,40,5866.0,20,16668.0,0
212,34003-91,N,2147,-2.0,13535.0,913.0,1074,1792.0,537,1859.0,323,2713.0,215,3634.0,108,4489.0,86,5250.0,65,5425.0,43,6506.0,22,13535.0,0
213,34003-91,W,1484,3.0,14400.0,916.0,742,1791.0,371,1939.0,223,2709.0,149,3629.0,75,4498.0,60,4559.0,45,6321.0,30,8136.0,15,14400.0,0
214,34003-92,D,840,2.0,50422.0,1082.0,420,3587.0,210,5433.0,126,8094.0,84,14402.0,42,16228.0,34,23527.0,26,29733.0,17,33308.0,9,50422.0,0
215,34003-92,N,576,676.0,27006.0,1795.0,288,5430.0,144,9781.0,87,13499.0,58,17994.0,29,18901.0,24,20921.0,18,23397.0,12,26077.0,6,27006.0,0
216,34003-92,W,468,175.0,45904.0,1901.0,234,6123.0,117,8984.0,71,11871.0,47,18901.0,24,20699.0,19,21630.0,15,26128.0,10,29871.0,5,45904.0,0
217,34003-93,D,2503,2.0,96519.0,901.0,1252,923.0,626,940.0,376,958.0,251,1020.0,126,1060.0,101,1108.0,76,1228.0,51,1780.0,26,96519.0,0
218,34003-93,N,3330,2.0,9795.0,901.0,1665,920.0,833,937.0,500,959.0,333,1744.0,167,1787.0,134,1807.0,100,1838.0,67,2696.0,34,9795.0,0
219,34003-93,W,2396,2.0,3835.0,901.0,1198,919.0,599,936.0,360,953.0,240,1243.0,120,1764.0,96,1795.0,72,1813.0,48,1850.0,24,3835.0,0
220,34003-94,D,260,2.0,86364.0,4542.0,130,15403.0,65,33316.0,39,55260.0,26,63911.0,13,65126.0,11,68275.0,8,71469.0,6,81392.0,3,86364.0,0
221,34003-94,N,164,183.0,86430.0,4105.0,82,14858.0,41,23967.0,25,28160.0,17,39975.0,9,43283.0,7,47182.0,5,50839.0,4,86428.0,2,86430.0,0
222,34003-94,W,117,204.0,86526.0,7120.0,59,30078.0,30,44101.0,18,57200.0,12,81434.0,6,82280.0,5,83178.0,4,86424.0,3,86463.0,2,86526.0,0
223,34003-95,D,289,8.0,471892.0,3547.0,145,12488.0,73,25510.0,44,48616.0,29,63027.0,15,64026.0,12,76655.0,9,80938.0,6,86468.0,3,471892.0,0
224,34003-95,N,135,757.0,56403.0,3599.0,68,14149.0,34,23413.0,21,27854.0,14,35353.0,7,42353.0,6,44033.0,5,52197.0,3,54853.0,2,56403.0,0
225,34003-95,W,125,250.0,85317.0,3638.0,63,24174.0,32,29654.0,19,51335.0,13,59435.0,7,60435.0,5,61096.0,4,65819.0,3,66770.0,2,85317.0,0
226,34003-96,D,862,2.0,62043.0,1082.0,431,2984.0,216,5403.0,130,8132.0,87,16052.0,44,21616.0,35,30600.0,26,37790.0,18,42358.0,9,62043.0,0
227,34003-96,N,500,621.0,46838.0,1767.0,250,4522.0,125,8137.0,75,11915.0,50,18895.0,25,20675.0,20,23154.0,15,29716.0,10,36976.0,5,46838.0,0
228,34003-96,W,449,215.0,72010.0,1816.0,225,6304.0,113,9908.0,68,12599.0,45,18785.0,23,21592.0,18,24062.0,14,29679.0,9,35108.0,5,72010.0,0
229,34003-97,D,956,29.0,28747.0,2903.0,478,3599.0,239,4360.0,144,4501.0,96,7190.0,48,7207.0,39,8022.0,29,10800.0,20,14940.0,10,28747.0,0
230,34003-97,N,893,36.0,21557.0,3186.0,447,4119.0,224,5974.0,134,7197.0,90,10809.0,45,11700.0,36,13467.0,27,15310.0,18,17951.0,9,21557.0,0
231,34003-97,W,687,34.0,57597.0,3150.0,344,3614.0,172,6232.0,104,7191.0,69,8128.0,35,9907.0,28,11339.0,21,12594.0,14,14653.0,7,57597.0,0
232,34003-98,D,1178,2.0,29708.0,943.0,589,2529.0,295,3603.0,177,4558.0,118,8073.0,59,8997.0,48,11643.0,36,14540.0,24,19003.0,12,29708.0,0
233,34003-98,N,1008,1.0,30429.0,1748.0,504,3591.0,252,5368.0,152,6927.0,101,9871.0,51,10729.0,41,12120.0,31,13557.0,21,17660.0,11,30429.0,0
234,34003-98,W,582,6.0,33231.0,1840.0,291,4502.0,146,6962.0,88,9092.0,59,14218.0,30,15320.0,24,16172.0,18,19795.0,12,28790.0,6,33231.0,0
235,34003-99,D,1530,2.0,34230.0,910.0,765,1787.0,383,2615.0,230,2828.0,153,4508.0,77,5383.0,62,6305.0,46,8075.0,31,12291.0,16,34230.0,0
236,34003-99,N,1143,90.0,35444.0,922.0,572,2699.0,286,4506.0,172,6274.0,115,9029.0,58,11684.0,46,13519.0,35,16245.0,23,19782.0,12,35444.0,0
237,34003-99,W,737,15.0,44111.0,1759.0,369,3622.0,185,5405.0,111,7198.0,74,9952.0,37,10834.0,30,12588.0,23,14146.0,15,18909.0,8,44111.0,0
238,34003-100,D,544,506.0,42275.0,1825.0,272,5467.0,136,9877.0,82,13498.0,55,17081.0,28,19001.0,22,22330.0,17,25992.0,11,28759.0,6,42275.0,0
239,34003-100,N,435,2.0,67364.0,2740.0,218,8970.0,109,14594.0,66,19111.0,44,29819.0,22,32556.0,18,34386.0,14,39747.0,9,43347.0,5,67364.0,0
240,34003-100,W,298,230.0,62085.0,3603.0,149,9634.0,75,15238.0,45,19114.0,30,26065.0,15,31303.0,12,32402.0,9,35188.0,6,49639.0,3,62085.0,0
241,34003-101,D,337,0.0,1716038.0,2680.0,169,8099.0,85,14854.0,51,21142.0,34,49494.0,17,56680.0,14,62824.0,11,67541.0,7,73400.0,4,1716038.0,0
242,34003-101,N,185,0.0,59612.0,1928.0,93,10994.0,47,17999.0,28,26096.0,19,38566.0,10,39608.0,8,44038.0,6,47724.0,4,52190.0,2,59612.0,0
243,34003-101,W,160,0.0,86801.0,3597.0,80,14846.0,40,21731.0,24,29307.0,16,41280.0,8,46968.0,7,53596.0,5,66427.0,4,86543.0,2,86801.0,0
